id,first_name,last_name,state
1,Janeva,Clerke,jclerke0@symantec.com
2,Regan,Vedmore,rvedmore1@diigo.com
3,Matelda,Taggerty,mtaggerty2@quantcast.com
4,Conni,Pinchback,cpinchback3@list-manage.com
5,Renate,Emblow,remblow4@nps.gov
6,Donnajean,Coolican,dcoolican5@blinklist.com
7,Vanna,Petera,vpetera6@fotki.com
8,Ethelred,Capelin,ecapelin7@youtu.be
9,Kissie,Raraty,kraraty8@nasa.gov
10,Thorny,Lumsdale,tlumsdale9@mit.edu
11,Valaree,Sterke,vsterkea@homestead.com
12,Leshia,Nodin,lnodinb@creativecommons.org
13,Andreas,Fabb,afabbc@timesonline.co.uk
14,Juliann,Blackaller,jblackallerd@washingtonpost.com
15,Ema,Beahan,ebeahane@dyndns.org
16,Branden,O'Towey,botoweyf@pbs.org
17,Aurilia,Georgescu,ageorgescug@clickbank.net
18,Veronica,Thomason,vthomasonh@answers.com
19,Anneliese,Budget,abudgeti@wordpress.org
20,Christoffer,Sivyer,csivyerj@umn.edu
21,Conchita,Motte,cmottek@diigo.com
22,Sampson,Ethington,sethingtonl@comsenz.com
23,Normie,Tallach,ntallachm@cnbc.com
24,Aubine,Castanho,acastanhon@sitemeter.com
25,Tabbi,Metzig,tmetzigo@usatoday.com
26,Merissa,Tivenan,mtivenanp@npr.org
27,Ki,O'Reilly,koreillyq@google.cn
28,Hermann,Elfleet,helfleetr@marriott.com
29,Stefa,Matussow,smatussows@unc.edu
30,Chariot,Valenta,cvalentat@globo.com
31,Desiree,Joney,djoneyu@spotify.com
32,Damita,Hiscoke,dhiscokev@amazon.co.uk
33,Geoffrey,Camel,gcamelw@newsvine.com
34,Alika,Rakestraw,arakestrawx@chron.com
35,Alonso,Cubitt,acubitty@flickr.com
36,Elayne,Canceller,ecancellerz@studiopress.com
37,Jeffie,Lindbergh,jlindbergh10@loc.gov
38,Siouxie,Bikker,sbikker11@xrea.com
39,Cyril,Givens,cgivens12@pen.io
40,Carolan,Thorbon,cthorbon13@parallels.com
41,Jacqueline,Bussey,jbussey14@nyu.edu
42,Val,Wanell,vwanell15@macromedia.com
43,Daisy,Pooly,dpooly16@plala.or.jp
44,Benedetta,Hessing,bhessing17@dyndns.org
45,Silvio,Good,sgood18@people.com.cn
46,Billi,Doctor,bdoctor19@mashable.com
47,Eirena,Henrique,ehenrique1a@stanford.edu
48,Annabal,Duffield,aduffield1b@toplist.cz
49,Pete,Gargett,pgargett1c@icq.com
50,Gar,Freiburger,gfreiburger1d@nature.com
51,Dolly,McIlwreath,dmcilwreath1e@gravatar.com
52,Findley,Brain,fbrain1f@homestead.com
53,Helaina,O'Suaird,hosuaird1g@webmd.com
54,Brenna,Roggero,broggero1h@ucoz.com
55,Templeton,Burren,tburren1i@mit.edu
56,Georgine,Plaistowe,gplaistowe1j@elegantthemes.com
57,Kathryn,Piolli,kpiolli1k@google.fr
58,Mariele,Pettus,mpettus1l@usa.gov
59,Abbie,Folks,afolks1m@nba.com
60,Ingmar,Romanin,iromanin1n@nsw.gov.au
61,Todd,Pettiford,tpettiford1o@friendfeed.com
62,Hodge,Clem,hclem1p@tinypic.com
63,Harlan,Allderidge,hallderidge1q@twitpic.com
64,Misty,Barribal,mbarribal1r@psu.edu
65,Arluene,Mattersey,amattersey1s@psu.edu
66,Sonia,MacGille,smacgille1t@blinklist.com
67,Fayre,Lockart,flockart1u@booking.com
68,Samson,Golsby,sgolsby1v@gov.uk
69,Kingsley,Bayly,kbayly1w@dion.ne.jp
70,Mei,Wyse,mwyse1x@jigsy.com
71,Herculie,Thumim,hthumim1y@newsvine.com
72,Florida,Carwardine,fcarwardine1z@telegraph.co.uk
73,Luis,Geffen,lgeffen20@shareasale.com
74,Sindee,McGray,smcgray21@noaa.gov
75,Englebert,Redmire,eredmire22@reverbnation.com
76,Maury,Albone,malbone23@theatlantic.com
77,Dorthea,Whitsey,dwhitsey24@seattletimes.com
78,Katerina,D'Antonio,kdantonio25@europa.eu
79,Clemmy,Blasing,cblasing26@latimes.com
80,Adamo,Devany,adevany27@cbslocal.com
81,Sharona,Headington,sheadington28@networkadvertising.org
82,Hagen,McArd,hmcard29@whitehouse.gov
83,Jeffie,Raatz,jraatz2a@spiegel.de
84,Ronald,Duncombe,rduncombe2b@printfriendly.com
85,Alford,Richardot,arichardot2c@simplemachines.org
86,Kennan,Kornilyev,kkornilyev2d@purevolume.com
87,Kinsley,Solano,ksolano2e@de.vu
88,Grove,Rosenstock,grosenstock2f@deliciousdays.com
89,Renie,Tyrie,rtyrie2g@google.com.hk
90,Yorgo,Callendar,ycallendar2h@earthlink.net
91,Jessie,Coorington,jcoorington2i@wired.com
92,Rollie,Sherbrooke,rsherbrooke2j@plala.or.jp
93,Queenie,McKeney,qmckeney2k@cbslocal.com
94,Raddie,Biaggi,rbiaggi2l@howstuffworks.com
95,Charlie,Schruyer,cschruyer2m@nasa.gov
96,Vasilis,Sieur,vsieur2n@dmoz.org
97,Domingo,Taye,dtaye2o@earthlink.net
98,Crawford,Hayselden,chayselden2p@goo.ne.jp
99,Ariadne,Karolovsky,akarolovsky2q@cafepress.com
100,Korie,Goodoune,kgoodoune2r@stanford.edu
101,Pietro,Shakespear,pshakespear2s@cam.ac.uk
102,Cointon,Creeghan,ccreeghan2t@buzzfeed.com
103,Andres,Nourse,anourse2u@hao123.com
104,Jess,Van der Mark,jvandermark2v@discuz.net
105,Brittney,Robillard,brobillard2w@booking.com
106,Koral,Weitzel,kweitzel2x@comsenz.com
107,Lonee,Crowth,lcrowth2y@pen.io
108,Barney,Sowerbutts,bsowerbutts2z@opensource.org
109,Phelia,Dwyer,pdwyer30@webmd.com
110,Joey,Cicchitello,jcicchitello31@nasa.gov
111,Bonnee,Fenby,bfenby32@si.edu
112,Judah,Imorts,jimorts33@godaddy.com
113,Brenna,Beatens,bbeatens34@apple.com
114,Dori,Stook,dstook35@mysql.com
115,Blondelle,Rasor,brasor36@upenn.edu
116,Fianna,Grunguer,fgrunguer37@ebay.co.uk
117,Tynan,Richens,trichens38@mail.ru
118,Legra,Barzen,lbarzen39@taobao.com
119,Lucho,Simnett,lsimnett3a@booking.com
120,Pammi,Darbon,pdarbon3b@edublogs.org
121,Felice,Melbury,fmelbury3c@dedecms.com
122,Bessie,Jira,bjira3d@berkeley.edu
123,Ban,Baldacchino,bbaldacchino3e@deviantart.com
124,Broddy,Morant,bmorant3f@nih.gov
125,Adriano,Grzegorecki,agrzegorecki3g@de.vu
126,Hilary,Bunston,hbunston3h@google.nl
127,Phedra,Treweke,ptreweke3i@ted.com
128,Onofredo,Keniwell,okeniwell3j@apache.org
129,Daryl,Hutt,dhutt3k@imageshack.us
130,Imelda,Brooke,ibrooke3l@mlb.com
131,Darsey,Davey,ddavey3m@usnews.com
132,Jerrie,Yeardsley,jyeardsley3n@omniture.com
133,Filberto,Hammand,fhammand3o@hugedomains.com
134,Michaeline,Ary,mary3p@nyu.edu
135,Annamarie,Kanzler,akanzler3q@shutterfly.com
136,Vi,Fynn,vfynn3r@chicagotribune.com
137,Cissiee,Gillmor,cgillmor3s@paginegialle.it
138,Page,Borlease,pborlease3t@imgur.com
139,Carmelita,Easum,ceasum3u@flickr.com
140,Augustus,McEntee,amcentee3v@cyberchimps.com
141,Lynea,Moules,lmoules3w@a8.net
142,Garner,Jupe,gjupe3x@godaddy.com
143,Margarethe,Uccello,muccello3y@unblog.fr
144,Ursuline,Kadar,ukadar3z@flickr.com
145,Jillayne,Immer,jimmer40@amazonaws.com
146,Huntley,Seater,hseater41@ucoz.com
147,Terri,Roth,troth42@prnewswire.com
148,Bruno,Chaster,bchaster43@comcast.net
149,Brendin,Mably,bmably44@statcounter.com
150,Mel,Hulle,mhulle45@skyrock.com
151,Natasha,Elijahu,nelijahu46@fc2.com
152,Laney,Roddy,lroddy47@webnode.com
153,Raynell,Northam,rnortham48@hostgator.com
154,Gina,Stapels,gstapels49@wordpress.org
155,Griff,Isac,gisac4a@geocities.jp
156,Monro,Esley,mesley4b@marriott.com
157,Vilhelmina,Caban,vcaban4c@businesswire.com
158,Sam,Parsley,sparsley4d@deviantart.com
159,Clementius,Braidon,cbraidon4e@utexas.edu
160,Ferne,Hablot,fhablot4f@unesco.org
161,Laetitia,Laurenzi,llaurenzi4g@google.it
162,Emmye,Paulat,epaulat4h@google.nl
163,Yves,Sanchiz,ysanchiz4i@parallels.com
164,Timotheus,Jeanon,tjeanon4j@t-online.de
165,Maddy,Barrett,mbarrett4k@cisco.com
166,Mikkel,McFeate,mmcfeate4l@1und1.de
167,Gayla,Farley,gfarley4m@cyberchimps.com
168,Frazier,Kensy,fkensy4n@google.com.br
169,Suzann,Littley,slittley4o@opensource.org
170,Clywd,De Moreno,cdemoreno4p@ifeng.com
171,Fidel,Espina,fespina4q@youtube.com
172,Lillian,Gyppes,lgyppes4r@archive.org
173,Whittaker,Hullins,whullins4s@cdbaby.com
174,Gaven,Anyon,ganyon4t@yellowbook.com
175,Goldi,McGillivray,gmcgillivray4u@wisc.edu
176,Brantley,Wennam,bwennam4v@delicious.com
177,Tami,Boissier,tboissier4w@purevolume.com
178,Stacee,Bruna,sbruna4x@epa.gov
179,Selby,Ridding,sridding4y@geocities.com
180,Kelcie,O'Fearguise,kofearguise4z@reuters.com
181,Araldo,Willetts,awilletts50@infoseek.co.jp
182,Willey,Elia,welia51@mayoclinic.com
183,Thaddus,Chatell,tchatell52@webeden.co.uk
184,Dani,Gudde,dgudde53@woothemes.com
185,Marcella,Patkin,mpatkin54@myspace.com
186,Meade,Packer,mpacker55@behance.net
187,Nickie,Swainson,nswainson56@hatena.ne.jp
188,Wilone,Lammers,wlammers57@oracle.com
189,Misti,Irnys,mirnys58@hibu.com
190,Ham,Scantlebury,hscantlebury59@miitbeian.gov.cn
191,Janaya,Dibnah,jdibnah5a@youtube.com
192,Stan,Sambedge,ssambedge5b@fc2.com
193,Ruthy,Paske,rpaske5c@vistaprint.com
194,Annelise,Matelyunas,amatelyunas5d@dedecms.com
195,Gardener,Harradine,gharradine5e@cnbc.com
196,Vlad,Blewmen,vblewmen5f@dailymail.co.uk
197,Jeanine,Hayter,jhayter5g@unicef.org
198,Karie,Taylerson,ktaylerson5h@amazon.co.jp
199,Fulvia,Murley,fmurley5i@geocities.jp
200,Martguerita,Oppery,moppery5j@illinois.edu
201,Kory,Jermyn,kjermyn5k@seattletimes.com
202,Dion,Bearne,dbearne5l@walmart.com
203,Tabbie,Loram,tloram5m@furl.net
204,Ignaz,Wotton,iwotton5n@sohu.com
205,Valaree,Raspison,vraspison5o@altervista.org
206,Tisha,de la Tremoille,tdelatremoille5p@senate.gov
207,Obediah,Bottomore,obottomore5q@forbes.com
208,Burg,Torald,btorald5r@smh.com.au
209,Dagny,Nesfield,dnesfield5s@sakura.ne.jp
210,Dalenna,Enterle,denterle5t@census.gov
211,Kirsteni,Duetschens,kduetschens5u@tamu.edu
212,Jerrome,Kibbye,jkibbye5v@shutterfly.com
213,Zandra,Nowak,znowak5w@fc2.com
214,Pamella,Tremeer,ptremeer5x@nature.com
215,Bat,Sedworth,bsedworth5y@instagram.com
216,Eamon,Corkish,ecorkish5z@youku.com
217,Bryant,Hummerston,bhummerston60@google.pl
218,Chadd,MacCafferky,cmaccafferky61@time.com
219,Cointon,Josefson,cjosefson62@hud.gov
220,Duane,Buckby,dbuckby63@imgur.com
221,Emilia,Breen,ebreen64@wunderground.com
222,Antons,Traise,atraise65@purevolume.com
223,Tera,Wickes,twickes66@opera.com
224,Lindsy,Slatford,lslatford67@flickr.com
225,Arliene,Fucher,afucher68@qq.com
226,Jeane,Broggio,jbroggio69@opensource.org
227,Sheffie,Restill,srestill6a@shinystat.com
228,Ive,Wanjek,iwanjek6b@weather.com
229,Anderea,Wheway,awheway6c@cnn.com
230,Elton,Claisse,eclaisse6d@wired.com
231,Deanna,Coomber,dcoomber6e@google.co.jp
232,Lorri,Doreward,ldoreward6f@youtube.com
233,Kristofor,Quinell,kquinell6g@netvibes.com
234,Prinz,Tunnock,ptunnock6h@dailymail.co.uk
235,Shaylyn,Janas,sjanas6i@gov.uk
236,Elwood,Nashe,enashe6j@theglobeandmail.com
237,Robby,Muge,rmuge6k@wordpress.org
238,Luther,Toretta,ltoretta6l@instagram.com
239,Avrit,Kermit,akermit6m@jigsy.com
240,Janene,Wessel,jwessel6n@liveinternet.ru
241,Diane-marie,Fenna,dfenna6o@usa.gov
242,Cyrus,Downs,cdowns6p@sakura.ne.jp
243,Paulette,Mattheeuw,pmattheeuw6q@studiopress.com
244,Ernest,Lottrington,elottrington6r@ftc.gov
245,Tadio,Berry,tberry6s@nytimes.com
246,Gisela,Kohneke,gkohneke6t@scientificamerican.com
247,Ezequiel,Nicholls,enicholls6u@youku.com
248,Ximenes,Codi,xcodi6v@amazon.co.jp
249,Nady,Shawdforth,nshawdforth6w@go.com
250,Yulma,Gumley,ygumley6x@time.com
251,Christen,Staning,cstaning6y@ucsd.edu
252,Julita,Stelli,jstelli6z@dedecms.com
253,Wyatan,Mertgen,wmertgen70@reddit.com
254,Jarrid,Brain,jbrain71@ocn.ne.jp
255,Daffie,Slowey,dslowey72@jigsy.com
256,Blakelee,Burren,bburren73@vimeo.com
257,Tammy,MacFie,tmacfie74@lulu.com
258,Rupert,Pryke,rpryke75@dropbox.com
259,Colette,Shipp,cshipp76@harvard.edu
260,Cesaro,Eilhersen,ceilhersen77@e-recht24.de
261,Troy,Gillbee,tgillbee78@virginia.edu
262,Virginia,Cawthorn,vcawthorn79@vimeo.com
263,Agata,Dowsett,adowsett7a@skype.com
264,Sibeal,Foucher,sfoucher7b@miitbeian.gov.cn
265,Blayne,Hoodless,bhoodless7c@topsy.com
266,Ilse,Papis,ipapis7d@netscape.com
267,Dallas,Ronnay,dronnay7e@ucsd.edu
268,Elbertine,Tinto,etinto7f@reverbnation.com
269,Margo,Rutherfoord,mrutherfoord7g@ca.gov
270,Henka,Lascelles,hlascelles7h@rakuten.co.jp
271,Trey,Bootton,tbootton7i@skype.com
272,Veriee,Guichard,vguichard7j@jugem.jp
273,Cloris,Nollet,cnollet7k@whitehouse.gov
274,Gabrielle,Dingsdale,gdingsdale7l@phpbb.com
275,Alessandra,Fincham,afincham7m@hatena.ne.jp
276,Jackelyn,Ruger,jruger7n@uiuc.edu
277,Zia,Daudray,zdaudray7o@symantec.com
278,Lynnette,Eady,leady7p@ebay.co.uk
279,Doria,Werrit,dwerrit7q@oaic.gov.au
280,Nedda,Shafier,nshafier7r@cmu.edu
281,Georgianne,Blenkinsopp,gblenkinsopp7s@amazon.co.uk
282,Ketti,Kinze,kkinze7t@delicious.com
283,Sheelah,O'Hagirtie,sohagirtie7u@dropbox.com
284,Ive,Beecroft,ibeecroft7v@nature.com
285,Mil,Bernaciak,mbernaciak7w@gizmodo.com
286,Malorie,Hearthfield,mhearthfield7x@nyu.edu
287,Winny,Fforde,wfforde7y@4shared.com
288,Jacinta,MacDuffie,jmacduffie7z@github.com
289,Marcel,Bradder,mbradder80@go.com
290,Kaitlynn,Dumper,kdumper81@jigsy.com
291,Melli,Zanneli,mzanneli82@oaic.gov.au
292,Grove,Houselee,ghouselee83@360.cn
293,Reynolds,Kelf,rkelf84@cyberchimps.com
294,Hobart,Grushin,hgrushin85@slate.com
295,Shannon,Hartop,shartop86@addtoany.com
296,Coral,Skillman,cskillman87@zimbio.com
297,Pepillo,Gask,pgask88@earthlink.net
298,Aurelie,Norledge,anorledge89@ucoz.ru
299,Ronald,Gages,rgages8a@reddit.com
300,Adah,Schirak,aschirak8b@admin.ch
301,Douglas,Stalley,dstalley8c@amazon.co.uk
302,Sholom,Aizikowitz,saizikowitz8d@technorati.com
303,Fern,MacDuff,fmacduff8e@ox.ac.uk
304,Rebecka,Kain,rkain8f@sphinn.com
305,Danya,Overton,doverton8g@cam.ac.uk
306,Melloney,Jodlkowski,mjodlkowski8h@blogtalkradio.com
307,Daisy,Pedrazzi,dpedrazzi8i@ycombinator.com
308,Vlad,Fries,vfries8j@deviantart.com
309,Gardy,Hyde,ghyde8k@mail.ru
310,Menard,Noury,mnoury8l@tamu.edu
311,Ceil,Nutbeem,cnutbeem8m@china.com.cn
312,Ferrell,Doll,fdoll8n@google.co.uk
313,Morley,Shorter,mshorter8o@statcounter.com
314,Tiler,Castenda,tcastenda8p@so-net.ne.jp
315,Tait,Lampel,tlampel8q@foxnews.com
316,Aluino,Ticic,aticic8r@uiuc.edu
317,Tobye,Roughan,troughan8s@lycos.com
318,Zelig,Hancorn,zhancorn8t@hubpages.com
319,Felic,Macrow,fmacrow8u@icio.us
320,Janenna,Andrys,jandrys8v@foxnews.com
321,Arabella,Covotti,acovotti8w@smh.com.au
322,Riannon,Brennenstuhl,rbrennenstuhl8x@europa.eu
323,Araldo,Renihan,arenihan8y@cbslocal.com
324,King,Kerrane,kkerrane8z@oracle.com
325,Shannen,Band,sband90@amazon.de
326,Heinrik,Ackerley,hackerley91@addtoany.com
327,Carola,Iacovuzzi,ciacovuzzi92@google.pl
328,Barbi,Vogl,bvogl93@deviantart.com
329,Thedric,Stow,tstow94@typepad.com
330,Ermina,Coda,ecoda95@foxnews.com
331,Clari,Rapelli,crapelli96@photobucket.com
332,Rob,Vazquez,rvazquez97@ftc.gov
333,Lilllie,Varns,lvarns98@networkadvertising.org
334,Tana,Phil,tphil99@globo.com
335,Kissiah,Dwire,kdwire9a@buzzfeed.com
336,Yolane,Weatherley,yweatherley9b@imageshack.us
337,Maryann,Edscer,medscer9c@about.com
338,Joana,Boller,jboller9d@hostgator.com
339,Tova,Tapper,ttapper9e@topsy.com
340,Franciska,Mintrim,fmintrim9f@taobao.com
341,Benedetta,Digwood,bdigwood9g@java.com
342,Rebbecca,Kilty,rkilty9h@kickstarter.com
343,Bettine,Archell,barchell9i@nih.gov
344,Quill,Capper,qcapper9j@themeforest.net
345,Nolana,Raffles,nraffles9k@sina.com.cn
346,Sammie,Posnett,sposnett9l@dmoz.org
347,Milty,Cahan,mcahan9m@altervista.org
348,Shayla,Blooman,sblooman9n@state.tx.us
349,Jennifer,Clarkson,jclarkson9o@samsung.com
350,Katharine,Villiers,kvilliers9p@state.tx.us
351,Jozef,Ratie,jratie9q@mayoclinic.com
352,Kyle,Bromby,kbromby9r@bandcamp.com
353,Marcellus,Mayoral,mmayoral9s@bluehost.com
354,Vin,Torre,vtorre9t@sciencedaily.com
355,Garvy,Matanin,gmatanin9u@businessinsider.com
356,Myra,Bartrum,mbartrum9v@bigcartel.com
357,Clarisse,Dutnell,cdutnell9w@hugedomains.com
358,Scotty,Silvers,ssilvers9x@virginia.edu
359,Gerhardt,Bednall,gbednall9y@addtoany.com
360,Tobias,Maxfield,tmaxfield9z@wp.com
361,Em,Scirman,escirmana0@marketwatch.com
362,Shelba,Huncoot,shuncoota1@google.ru
363,Trudi,Eskriet,teskrieta2@bluehost.com
364,Alix,Summerside,asummersidea3@sciencedirect.com
365,Darcie,Yardy,dyardya4@digg.com
366,Bernhard,Sowerby,bsowerbya5@ocn.ne.jp
367,Adolpho,Ramas,aramasa6@cdc.gov
368,Letti,Colwell,lcolwella7@disqus.com
369,Kore,Matthewes,kmatthewesa8@marketwatch.com
370,Gert,Shillinglaw,gshillinglawa9@redcross.org
371,Rossy,Blanpein,rblanpeinaa@sogou.com
372,Ninnetta,Mitchel,nmitchelab@cbslocal.com
373,Merna,Drance,mdranceac@tripod.com
374,Cass,Howman,chowmanad@techcrunch.com
375,Sophie,Latour,slatourae@howstuffworks.com
376,Nicol,Layne,nlayneaf@freewebs.com
377,Karoly,McWaters,kmcwatersag@parallels.com
378,Tallie,Kidd,tkiddah@dmoz.org
379,Ronnie,Leed,rleedai@altervista.org
380,Dane,Fidilis,dfidilisaj@mapy.cz
381,Rriocard,Hagston,rhagstonak@blogspot.com
382,Dennis,Cockshtt,dcockshttal@dailymotion.com
383,Bunni,Macieiczyk,bmacieiczykam@hugedomains.com
384,Corly,Spurling,cspurlingan@github.io
385,Delphine,Giannazzo,dgiannazzoao@mozilla.org
386,Claiborn,Giannazzi,cgiannazziap@gravatar.com
387,Bobbe,Vinden,bvindenaq@google.com
388,Carmela,Lorait,cloraitar@vkontakte.ru
389,Danila,Donativo,ddonativoas@bing.com
390,Helene,Sherrock,hsherrockat@fc2.com
391,Sandie,Jee,sjeeau@t-online.de
392,Miller,Willgress,mwillgressav@wsj.com
393,Leah,Purviss,lpurvissaw@imageshack.us
394,Imelda,Rabbitts,irabbittsax@last.fm
395,Dorian,Pluthero,dplutheroay@com.com
396,Pablo,Richardes,prichardesaz@wp.com
397,Talbot,Pixton,tpixtonb0@adobe.com
398,Verne,McCory,vmccoryb1@ezinearticles.com
399,Tamqrah,Shedden,tsheddenb2@nydailynews.com
400,Arlyn,Ullrich,aullrichb3@macromedia.com
401,Torey,Parslow,tparslowb4@fema.gov
402,Obediah,McFetridge,omcfetridgeb5@devhub.com
403,Donia,Clutten,dcluttenb6@github.com
404,Rivkah,Sieb,rsiebb7@ycombinator.com
405,Meade,Malin,mmalinb8@weather.com
406,Raine,Canning,rcanningb9@studiopress.com
407,Waylan,De Giorgio,wdegiorgioba@photobucket.com
408,Prudi,Doeg,pdoegbb@addthis.com
409,Jeno,Accombe,jaccombebc@goo.gl
410,Ada,Mollen,amollenbd@furl.net
411,Beryl,Rankcom,brankcombe@simplemachines.org
412,Almeta,Conniam,aconniambf@phoca.cz
413,Marielle,Coumbe,mcoumbebg@scientificamerican.com
414,Flore,Annear,fannearbh@blog.com
415,Hewe,Dakers,hdakersbi@hexun.com
416,Galvan,Manntschke,gmanntschkebj@google.com.au
417,Cherry,Crissil,ccrissilbk@sitemeter.com
418,Mitchell,Dace,mdacebl@sphinn.com
419,Alena,Loynton,aloyntonbm@uiuc.edu
420,Bambie,Liggons,bliggonsbn@zdnet.com
421,Kellby,Goldsworthy,kgoldsworthybo@constantcontact.com
422,Yalonda,Parkhouse,yparkhousebp@independent.co.uk
423,Noel,Aime,naimebq@freewebs.com
424,Kara-lynn,Ebbotts,kebbottsbr@w3.org
425,Bobbi,Piccop,bpiccopbs@jalbum.net
426,Devora,Spraggon,dspraggonbt@foxnews.com
427,Fabio,Starrs,fstarrsbu@yellowbook.com
428,Cleopatra,Poole,cpoolebv@google.co.uk
429,Riordan,Tomovic,rtomovicbw@delicious.com
430,Tommi,Belsey,tbelseybx@chicagotribune.com
431,Raviv,Lumox,rlumoxby@google.nl
432,Janenna,Glencros,jglencrosbz@mozilla.com
433,Raymond,Tunna,rtunnac0@tripadvisor.com
434,Erskine,Millward,emillwardc1@adobe.com
435,Madelon,MacKeever,mmackeeverc2@sbwire.com
436,Shae,Smaling,ssmalingc3@amazon.com
437,Gabrila,Terrington,gterringtonc4@adobe.com
438,Gwendolen,Brocklehurst,gbrocklehurstc5@rambler.ru
439,Neddy,Sandy,nsandyc6@globo.com
440,Katharyn,Nutkins,knutkinsc7@tiny.cc
441,Abey,Jevons,ajevonsc8@virginia.edu
442,Dev,Harbison,dharbisonc9@odnoklassniki.ru
443,Deni,Duesberry,dduesberryca@example.com
444,Thurstan,McGinney,tmcginneycb@furl.net
445,Emlen,Rudd,eruddcc@cdbaby.com
446,Leeland,Convery,lconverycd@google.co.uk
447,Darby,Cogger,dcoggerce@tripod.com
448,Rhody,Summerell,rsummerellcf@google.co.jp
449,Ernesto,Aughtie,eaughtiecg@europa.eu
450,Gabriel,Stygall,gstygallch@eventbrite.com
451,Rhonda,Stammers,rstammersci@desdev.cn
452,Benedikt,De Domenico,bdedomenicocj@google.com
453,Ingrid,Saer,isaerck@icio.us
454,Fern,Mourge,fmourgecl@mysql.com
455,Garreth,Harvison,gharvisoncm@scientificamerican.com
456,Katinka,Bednall,kbednallcn@ask.com
457,Wye,Nower,wnowerco@cornell.edu
458,Engelbert,Billie,ebilliecp@wikia.com
459,Ennis,Giurio,egiuriocq@forbes.com
460,Myrvyn,Danovich,mdanovichcr@nytimes.com
461,Johannah,Alcoran,jalcorancs@timesonline.co.uk
462,Ossie,Thunnerclef,othunnerclefct@slate.com
463,Saunderson,Basezzi,sbasezzicu@nature.com
464,Owen,Hodgets,ohodgetscv@joomla.org
465,Urbain,Coult,ucoultcw@ovh.net
466,Jacinta,Bussey,jbusseycx@yolasite.com
467,Lindon,Arnowicz,larnowiczcy@weather.com
468,Borg,Hendriks,bhendrikscz@twitter.com
469,Billye,Delepine,bdelepined0@ifeng.com
470,Norry,Burlay,nburlayd1@wix.com
471,Laurette,Davidge,ldavidged2@usnews.com
472,Melli,Whelpdale,mwhelpdaled3@telegraph.co.uk
473,Lazar,Aronow,laronowd4@wordpress.com
474,Leese,Gunderson,lgundersond5@umich.edu
475,Timothy,Ibeson,tibesond6@baidu.com
476,Addi,Daviot,adaviotd7@apache.org
477,Magda,Woehler,mwoehlerd8@comsenz.com
478,Jens,MacGilrewy,jmacgilrewyd9@barnesandnoble.com
479,Mallory,Burkitt,mburkittda@sciencedaily.com
480,Rab,MacClenan,rmacclenandb@europa.eu
481,Jeffie,Ros,jrosdc@nyu.edu
482,Arnold,Nipper,anipperdd@webnode.com
483,Daune,Hadlee,dhadleede@bigcartel.com
484,Tori,Quinn,tquinndf@4shared.com
485,Ayn,Missenden,amissendendg@behance.net
486,Martie,McEnery,mmcenerydh@washingtonpost.com
487,Sal,Grinaugh,sgrinaughdi@canalblog.com
488,Anstice,Bartalucci,abartaluccidj@tmall.com
489,Darn,Khotler,dkhotlerdk@google.ca
490,Tracey,Roman,tromandl@uol.com.br
491,Blakeley,Lechelle,blechelledm@miibeian.gov.cn
492,Siouxie,Yitzhakof,syitzhakofdn@4shared.com
493,Ragnar,Lantoph,rlantophdo@devhub.com
494,Adara,O'Hdirscoll,aohdirscolldp@cbc.ca
495,Sauveur,Sammes,ssammesdq@discovery.com
496,Josi,Betteson,jbettesondr@dailymail.co.uk
497,Carny,Bows,cbowsds@devhub.com
498,Adrian,McNeilly,amcneillydt@cnn.com
499,Philbert,Scouller,pscoullerdu@fastcompany.com
500,Redford,Copcote,rcopcotedv@people.com.cn
501,Karoly,Groome,kgroomedw@seattletimes.com
502,Riva,Crewes,rcrewesdx@cbc.ca
503,Phillip,Hradsky,phradskydy@dropbox.com
504,Ambros,Alderton,aaldertondz@who.int
505,Sofie,Winsborrow,swinsborrowe0@va.gov
506,Gaylene,Whardley,gwhardleye1@domainmarket.com
507,Salomi,Orth,sorthe2@zimbio.com
508,Justinn,Hundall,jhundalle3@hc360.com
509,Merrilee,Clemson,mclemsone4@symantec.com
510,Moselle,Spacy,mspacye5@nsw.gov.au
511,Mikey,Dyble,mdyblee6@mac.com
512,Ellissa,Maneylaws,emaneylawse7@google.de
513,Germain,Life,glifee8@whitehouse.gov
514,Lydon,Street,lstreete9@businesswire.com
515,Colet,Eickhoff,ceickhoffea@jalbum.net
516,Mariellen,Sprigings,msprigingseb@pinterest.com
517,Prudence,Lamp,plampec@liveinternet.ru
518,Barde,Hallowell,bhallowelled@washington.edu
519,Melantha,Domerque,mdomerqueee@issuu.com
520,Parsifal,Spinelli,pspinellief@symantec.com
521,Georgie,Oade,goadeeg@meetup.com
522,Lynette,Roubeix,lroubeixeh@networksolutions.com
523,Kerk,Rowler,krowlerei@photobucket.com
524,Cinnamon,Prevett,cprevettej@kickstarter.com
525,Sibyl,Berriman,sberrimanek@reddit.com
526,Gus,Margery,gmargeryel@gravatar.com
527,Kynthia,Chadwell,kchadwellem@mozilla.com
528,Inness,Lumly,ilumlyen@adobe.com
529,Michel,Degan,mdeganeo@aol.com
530,Urbanus,Mullenger,umullengerep@geocities.jp
531,Guthrie,Grigolashvill,ggrigolashvilleq@adobe.com
532,Andy,Puddin,apuddiner@comsenz.com
533,Berni,Wride,bwridees@macromedia.com
534,Chet,Kingsworth,ckingsworthet@home.pl
535,Angel,Nuzzetti,anuzzettieu@telegraph.co.uk
536,Renate,Brereton,rbreretonev@e-recht24.de
537,Harriet,Fidian,hfidianew@bbb.org
538,Gilda,Tupling,gtuplingex@ow.ly
539,Vita,Baston,vbastoney@purevolume.com
540,Trula,Pareman,tparemanez@cpanel.net
541,Gorden,Barens,gbarensf0@craigslist.org
542,Benoit,McKeurtan,bmckeurtanf1@webmd.com
543,Berthe,Ledingham,bledinghamf2@sciencedaily.com
544,Bernie,Filshin,bfilshinf3@clickbank.net
545,Webb,Keyson,wkeysonf4@acquirethisname.com
546,Sileas,Reims,sreimsf5@uiuc.edu
547,Maye,Bettanay,mbettanayf6@google.cn
548,Karola,Ferriby,kferribyf7@barnesandnoble.com
549,Justis,Shakeshaft,jshakeshaftf8@ustream.tv
550,Kelcey,Kisting,kkistingf9@parallels.com
551,Linea,Felce,lfelcefa@last.fm
552,Miguel,Ricioppo,mricioppofb@ucoz.com
553,Delia,Dyball,ddyballfc@google.it
554,Odo,Cabera,ocaberafd@gov.uk
555,Jesus,Messager,jmessagerfe@chron.com
556,Quinlan,Simester,qsimesterff@mapquest.com
557,Arlyn,Carnow,acarnowfg@gmpg.org
558,Eula,Menichi,emenichifh@ovh.net
559,Nananne,O'Crigan,nocriganfi@icio.us
560,Cammi,Cafe,ccafefj@examiner.com
561,Hakim,Keford,hkefordfk@telegraph.co.uk
562,Archy,Simononsky,asimononskyfl@wordpress.com
563,Dwight,Laroux,dlarouxfm@g.co
564,Mathilda,Taffley,mtaffleyfn@free.fr
565,Marchall,Stiebler,mstieblerfo@1und1.de
566,Julita,McGurgan,jmcgurganfp@mediafire.com
567,Lolita,Goodanew,lgoodanewfq@wikipedia.org
568,Yolane,Edgeson,yedgesonfr@chicagotribune.com
569,Kingston,Bayne,kbaynefs@blogtalkradio.com
570,Donnie,Vanelli,dvanellift@nytimes.com
571,Stefa,Darey,sdareyfu@scribd.com
572,Laurianne,Mountford,lmountfordfv@123-reg.co.uk
573,Panchito,Thirkettle,pthirkettlefw@state.gov
574,Gery,Spreull,gspreullfx@admin.ch
575,Alli,Garwill,agarwillfy@hp.com
576,Lark,Blincko,lblinckofz@berkeley.edu
577,Troy,Elmhirst,telmhirstg0@weather.com
578,Shirlene,Malatalant,smalatalantg1@java.com
579,Viole,Gason,vgasong2@homestead.com
580,Hadlee,Prene,hpreneg3@tripadvisor.com
581,Alta,Alderman,aaldermang4@ocn.ne.jp
582,Prince,Beavis,pbeavisg5@wix.com
583,Seana,Slafford,sslaffordg6@hc360.com
584,Roderick,McAnellye,rmcanellyeg7@digg.com
585,Aharon,Crocumbe,acrocumbeg8@moonfruit.com
586,Clevie,Brashaw,cbrashawg9@symantec.com
587,Gipsy,Jobes,gjobesga@istockphoto.com
588,Britte,Chichgar,bchichgargb@earthlink.net
589,Bernie,Berkowitz,bberkowitzgc@live.com
590,Barby,Whoolehan,bwhoolehangd@mozilla.com
591,Sayre,Double,sdoublege@deviantart.com
592,Saba,MacNeice,smacneicegf@4shared.com
593,Trula,Beekmann,tbeekmanngg@shinystat.com
594,Riley,Lorait,rloraitgh@smh.com.au
595,Christoforo,Aguirre,caguirregi@scribd.com
596,Paule,Maryet,pmaryetgj@unesco.org
597,Richmound,Addison,raddisongk@usa.gov
598,Yolane,Longson,ylongsongl@nytimes.com
599,Jenilee,Bundock,jbundockgm@google.nl
600,Ernesta,Hancock,ehancockgn@quantcast.com
601,Madel,Harome,mharomego@ebay.com
602,Marrissa,Valler,mvallergp@opera.com
603,Rubia,Horsefield,rhorsefieldgq@tuttocitta.it
604,Bambie,Izchaki,bizchakigr@gravatar.com
605,Gardie,Francesch,gfranceschgs@google.com.hk
606,Isidora,Fulham,ifulhamgt@php.net
607,Venita,Burr,vburrgu@facebook.com
608,Chas,Grimbleby,cgrimblebygv@printfriendly.com
609,Borden,Scutts,bscuttsgw@t-online.de
610,Griffin,Castagneri,gcastagnerigx@statcounter.com
611,Westbrook,Velte,wveltegy@people.com.cn
612,Elga,Fitchew,efitchewgz@blogspot.com
613,Sutton,Floyed,sfloyedh0@posterous.com
614,Darrel,Eltun,deltunh1@google.it
615,Ikey,Skuse,iskuseh2@admin.ch
616,Gertrud,Josipovic,gjosipovich3@abc.net.au
617,Arnuad,Woodeson,awoodesonh4@bigcartel.com
618,Jerrilyn,Noah,jnoahh5@vk.com
619,Jo,Diggles,jdigglesh6@last.fm
620,Cecilio,Roj,crojh7@ibm.com
621,May,Bloxsum,mbloxsumh8@domainmarket.com
622,Reese,Sumbler,rsumblerh9@t-online.de
623,Nikolai,Bultitude,nbultitudeha@deviantart.com
624,Gerardo,Ettels,gettelshb@xrea.com
625,Chad,Pott,cpotthc@abc.net.au
626,Star,Livingstone,slivingstonehd@wikimedia.org
627,Kinna,Shevlane,kshevlanehe@cbsnews.com
628,Emlynn,Armit,earmithf@wix.com
629,Flory,Dictus,fdictushg@opensource.org
630,Charlean,Barr,cbarrhh@utexas.edu
631,Spenser,Ofen,sofenhi@dion.ne.jp
632,Baldwin,Gohn,bgohnhj@geocities.com
633,Jocko,Germann,jgermannhk@nsw.gov.au
634,Peria,Le Cornu,plecornuhl@com.com
635,Fayette,Synke,fsynkehm@bigcartel.com
636,Rea,Dripp,rdripphn@slashdot.org
637,Brittni,Clibbery,bclibberyho@people.com.cn
638,Adolphus,Andrysiak,aandrysiakhp@about.me
639,Katerine,Mathouse,kmathousehq@trellian.com
640,Mia,Dasent,mdasenthr@mapquest.com
641,Abe,Nears,anearshs@altervista.org
642,Turner,Kensley,tkensleyht@msu.edu
643,Domeniga,Jeannel,djeannelhu@hc360.com
644,Zsazsa,Cron,zcronhv@hc360.com
645,Tiphanie,Hedge,thedgehw@skyrock.com
646,Emmalee,Castagna,ecastagnahx@nyu.edu
647,Melody,Girardy,mgirardyhy@ow.ly
648,Leighton,Ivanov,livanovhz@deviantart.com
649,Hube,Segrott,hsegrotti0@last.fm
650,Melisandra,Pretsel,mpretseli1@bing.com
651,Constantia,Foston,cfostoni2@virginia.edu
652,Priscella,Weathers,pweathersi3@elegantthemes.com
653,Melicent,Dowden,mdowdeni4@spiegel.de
654,Brandy,Dowdney,bdowdneyi5@soup.io
655,Codi,Blazewicz,cblazewiczi6@state.gov
656,Gabriela,Weigh,gweighi7@businessinsider.com
657,Starlin,Kleinhaut,skleinhauti8@deliciousdays.com
658,Dukie,Pulbrook,dpulbrooki9@ameblo.jp
659,Lesli,Gronaver,lgronaveria@house.gov
660,Joe,Charlon,jcharlonib@rakuten.co.jp
661,Izzy,Bassano,ibassanoic@alibaba.com
662,Thaddeus,Wildish,twildishid@a8.net
663,Merilee,Gowen,mgowenie@is.gd
664,Laurie,Cockran,lcockranif@sina.com.cn
665,Jacky,Canon,jcanonig@independent.co.uk
666,Conroy,Berkeley,cberkeleyih@usgs.gov
667,Kaspar,Roycroft,kroycroftii@weather.com
668,Gonzalo,Mowson,gmowsonij@home.pl
669,Neddy,Waliszewski,nwaliszewskiik@tripadvisor.com
670,Jilli,Shedden,jsheddenil@hhs.gov
671,Barb,Pedreschi,bpedreschiim@spiegel.de
672,Jacquenetta,Scotchbrook,jscotchbrookin@fc2.com
673,Persis,Rolph,prolphio@yandex.ru
674,Shaylyn,Endicott,sendicottip@rambler.ru
675,Ruggiero,Wale,rwaleiq@ebay.co.uk
676,Rheta,Mailes,rmailesir@csmonitor.com
677,Melita,Stitcher,mstitcheris@soundcloud.com
678,Allsun,Land,alandit@youtube.com
679,Bear,Redholes,bredholesiu@addthis.com
680,Edeline,Drabble,edrabbleiv@google.fr
681,Brigg,Dictus,bdictusiw@topsy.com
682,Sterne,Roels,sroelsix@icq.com
683,Margarete,Lies,mliesiy@cnbc.com
684,Olenolin,Meharry,omeharryiz@example.com
685,Jenny,Tremblot,jtremblotj0@bbc.co.uk
686,Jamaal,Wyldish,jwyldishj1@printfriendly.com
687,Nolana,Tivenan,ntivenanj2@stanford.edu
688,Kerrill,Lumley,klumleyj3@thetimes.co.uk
689,Titos,Newell,tnewellj4@hibu.com
690,Ban,Brumpton,bbrumptonj5@nymag.com
691,Byrle,Barnson,bbarnsonj6@dmoz.org
692,Fredrika,Indruch,findruchj7@narod.ru
693,Lenka,Speares,lspearesj8@tumblr.com
694,Donaugh,Duckering,dduckeringj9@nymag.com
695,Yul,Parzis,yparzisja@netlog.com
696,Anett,Finden,afindenjb@sbwire.com
697,Leonard,Lancett,llancettjc@bloomberg.com
698,Sandor,Tissiman,stissimanjd@elegantthemes.com
699,Gunter,Ledram,gledramje@barnesandnoble.com
700,Sutton,Osmant,sosmantjf@mozilla.org
701,Corbie,Buckbee,cbuckbeejg@edublogs.org
702,Pauli,Batchelour,pbatchelourjh@eepurl.com
703,Gizela,Darte,gdarteji@whitehouse.gov
704,Seline,Krzysztofiak,skrzysztofiakjj@sohu.com
705,Taite,Millard,tmillardjk@icio.us
706,Larina,Jotcham,ljotchamjl@theguardian.com
707,Alanna,Loomis,aloomisjm@shop-pro.jp
708,Abbie,Giacobo,agiacobojn@archive.org
709,Roselle,Waskett,rwaskettjo@discuz.net
710,Aurelia,Plenty,aplentyjp@fotki.com
711,Angie,Marmyon,amarmyonjq@ed.gov
712,Lise,Northeast,lnortheastjr@techcrunch.com
713,Any,Cartmer,acartmerjs@wsj.com
714,Caryl,Gemmell,cgemmelljt@woothemes.com
715,Brantley,Stocken,bstockenju@intel.com
716,Vicki,Barstowk,vbarstowkjv@amazon.co.jp
717,Tatum,Diggin,tdigginjw@patch.com
718,Gery,Hanton,ghantonjx@globo.com
719,Arlinda,Becken,abeckenjy@craigslist.org
720,Casey,Hassur,chassurjz@slideshare.net
721,Johann,Rocco,jroccok0@webeden.co.uk
722,Lyndsie,Pietzner,lpietznerk1@github.io
723,Clarice,MacIntyre,cmacintyrek2@ow.ly
724,Alysia,Petrol,apetrolk3@bing.com
725,Aldon,Raysdale,araysdalek4@gizmodo.com
726,Moss,Aronovitz,maronovitzk5@google.it
727,Baryram,Sterling,bsterlingk6@weather.com
728,Josh,Whines,jwhinesk7@yellowbook.com
729,Graeme,Terrell,gterrellk8@pen.io
730,Beau,Van den Bosch,bvandenboschk9@live.com
731,Shirlene,Cousen,scousenka@prweb.com
732,Alisa,Colleymore,acolleymorekb@cnn.com
733,Flossy,Collyear,fcollyearkc@sun.com
734,Rowe,Comoletti,rcomolettikd@constantcontact.com
735,Ade,Potteril,apotterilke@g.co
736,Parke,Illyes,pillyeskf@goo.gl
737,Nanice,Trewhela,ntrewhelakg@earthlink.net
738,Elisha,Witherby,ewitherbykh@blogtalkradio.com
739,Bethina,Kynan,bkynanki@digg.com
740,Janessa,Franke,jfrankekj@desdev.cn
741,Deeann,Cossans,dcossanskk@cbc.ca
742,Sven,Rosewarne,srosewarnekl@friendfeed.com
743,Lana,Plant,lplantkm@purevolume.com
744,Rafaelia,Aslet,rasletkn@freewebs.com
745,Ginni,Gurr,ggurrko@infoseek.co.jp
746,Alleen,Cosby,acosbykp@blogspot.com
747,Tobi,Ballston,tballstonkq@disqus.com
748,Eloise,Durning,edurningkr@globo.com
749,Ellery,Gunda,egundaks@ibm.com
750,Hillyer,Kienlein,hkienleinkt@last.fm
751,Frazer,Kinnier,fkinnierku@nba.com
752,Sanders,Surgison,ssurgisonkv@issuu.com
753,Claude,Jelliman,cjellimankw@ted.com
754,Hebert,Watton,hwattonkx@seesaa.net
755,Lyle,Blose,lbloseky@dion.ne.jp
756,Meredith,Episcopio,mepiscopiokz@auda.org.au
757,Konrad,Claire,kclairel0@nymag.com
758,Idalia,Birtley,ibirtleyl1@marriott.com
759,Willi,Simioli,wsimiolil2@scribd.com
760,Xavier,Cleynaert,xcleynaertl3@chronoengine.com
761,Wilbert,Blackford,wblackfordl4@cnbc.com
762,Giorgia,Izod,gizodl5@taobao.com
763,Todd,Jeschner,tjeschnerl6@mysql.com
764,Jefferey,Churchyard,jchurchyardl7@google.es
765,Aubine,Sessions,asessionsl8@archive.org
766,Caressa,Rodder,crodderl9@google.es
767,Lari,Warrender,lwarrenderla@jigsy.com
768,Hailey,Mechell,hmechelllb@cafepress.com
769,Rustin,Graveston,rgravestonlc@vimeo.com
770,Ardra,Duding,adudingld@dailymotion.com
771,Dahlia,Shelbourne,dshelbournele@blogs.com
772,Leroy,Startin,lstartinlf@facebook.com
773,Agneta,Philipp,aphilipplg@businesswire.com
774,Jacynth,Okker,jokkerlh@fema.gov
775,Derick,Drackford,ddrackfordli@dell.com
776,Jodi,Stranger,jstrangerlj@phoca.cz
777,Elmore,Jakubovski,ejakubovskilk@oakley.com
778,Adena,Roisen,aroisenll@rediff.com
779,Wallis,Ateggart,wateggartlm@livejournal.com
780,Nancie,Cashin,ncashinln@yolasite.com
781,Cheri,Manilow,cmanilowlo@who.int
782,Rey,Abrahams,rabrahamslp@miibeian.gov.cn
783,Clare,Kopke,ckopkelq@harvard.edu
784,Ellene,Dowsey,edowseylr@bloglovin.com
785,Alfred,Croci,acrocils@ning.com
786,Julianna,Pixton,jpixtonlt@fastcompany.com
787,Golda,Trigg,gtrigglu@sohu.com
788,Enriqueta,Seres,esereslv@t-online.de
789,Garnette,Jonathon,gjonathonlw@t.co
790,Emmerich,Sweetenham,esweetenhamlx@google.de
791,Marlon,Eyton,meytonly@seattletimes.com
792,Zora,Scadding,zscaddinglz@canalblog.com
793,Letisha,Munkley,lmunkleym0@google.ca
794,Trixi,Slisby,tslisbym1@washingtonpost.com
795,Athena,Rigden,arigdenm2@etsy.com
796,Amandi,Zapatero,azapaterom3@naver.com
797,Cristie,Crummey,ccrummeym4@bloglovin.com
798,Philippa,Killimister,pkillimisterm5@rakuten.co.jp
799,Loraine,Lowden,llowdenm6@blinklist.com
800,Lilith,Clarkson,lclarksonm7@wp.com
801,Damiano,Dawtre,ddawtrem8@e-recht24.de
802,Morris,Tipping,mtippingm9@cbc.ca
803,Aubry,Tilford,atilfordma@cargocollective.com
804,Alwyn,Stolberger,astolbergermb@howstuffworks.com
805,Moria,Rawne,mrawnemc@delicious.com
806,Darleen,Greatex,dgreatexmd@free.fr
807,Fernando,Duffitt,fduffittme@tmall.com
808,Shari,Lound,sloundmf@loc.gov
809,Barb,Fradson,bfradsonmg@dagondesign.com
810,Elaine,Vail,evailmh@weebly.com
811,Cristi,Blasgen,cblasgenmi@hao123.com
812,Tommie,Scoffins,tscoffinsmj@webeden.co.uk
813,Garrick,Hayden,ghaydenmk@cdc.gov
814,Kimbra,Gossan,kgossanml@youtube.com
815,Dougy,Groombridge,dgroombridgemm@buzzfeed.com
816,Geralda,Richardot,grichardotmn@addtoany.com
817,Carlotta,Pauncefort,cpauncefortmo@google.it
818,Meggie,Duplock,mduplockmp@archive.org
819,Ferrel,MacDearmaid,fmacdearmaidmq@printfriendly.com
820,Aldous,Thunderchief,athunderchiefmr@washington.edu
821,Archibold,Wraighte,awraightems@youtube.com
822,Nonah,Quodling,nquodlingmt@mediafire.com
823,Darb,Sink,dsinkmu@utexas.edu
824,Luciana,Tallach,ltallachmv@histats.com
825,Jennee,Derks,jderksmw@bing.com
826,Austin,Stockney,astockneymx@hud.gov
827,Joaquin,Munks,jmunksmy@intel.com
828,Tobie,Tipple,ttipplemz@behance.net
829,Alexio,Krolak,akrolakn0@com.com
830,Amalita,Di Napoli,adinapolin1@intel.com
831,Marv,Tregido,mtregidon2@dot.gov
832,Sherry,Guillart,sguillartn3@pcworld.com
833,Valene,Ridolfi,vridolfin4@craigslist.org
834,Ailey,Allonby,aallonbyn5@nsw.gov.au
835,Gertrude,Griffin,ggriffinn6@digg.com
836,Howie,Matthewson,hmatthewsonn7@dagondesign.com
837,Rosina,Lorriman,rlorrimann8@xing.com
838,Rozelle,Pactat,rpactatn9@spotify.com
839,Elinor,Byles,ebylesna@dailymail.co.uk
840,Fonz,Madgin,fmadginnb@wikipedia.org
841,Conny,Dowty,cdowtync@ustream.tv
842,Crista,Seivwright,cseivwrightnd@cnn.com
843,Fan,Shiel,fshielne@last.fm
844,Prescott,Balloch,pballochnf@i2i.jp
845,Jordana,Hargate,jhargateng@hud.gov
846,Katee,Starmer,kstarmernh@usatoday.com
847,Ardis,Asmus,aasmusni@merriam-webster.com
848,Eadith,Morcomb,emorcombnj@gov.uk
849,Rica,Latek,rlateknk@phoca.cz
850,Anthia,Sime,asimenl@amazon.de
851,Maxi,Gilkison,mgilkisonnm@printfriendly.com
852,Britt,Timbs,btimbsnn@berkeley.edu
853,Rosy,Goldie,rgoldieno@usnews.com
854,Kris,Bowart,kbowartnp@cocolog-nifty.com
855,Max,Trustram,mtrustramnq@surveymonkey.com
856,Robbert,Renfield,rrenfieldnr@vistaprint.com
857,Perla,Canto,pcantons@mashable.com
858,Trisha,Lennox,tlennoxnt@wordpress.com
859,Caria,Santora,csantoranu@sphinn.com
860,Anstice,Hayler,ahaylernv@europa.eu
861,Doti,Mallen,dmallennw@freewebs.com
862,Kelsy,McDugal,kmcdugalnx@baidu.com
863,Therine,Rew,trewny@livejournal.com
864,Rodi,Gobbet,rgobbetnz@wsj.com
865,Brande,Kwiek,bkwieko0@google.fr
866,Faith,Dentith,fdentitho1@salon.com
867,Cam,Sandells,csandellso2@squarespace.com
868,Felice,McKue,fmckueo3@home.pl
869,Emelina,Maccrie,emaccrieo4@bloglovin.com
870,Tiphani,Glencross,tglencrosso5@ucsd.edu
871,Karrah,Biggans,kbigganso6@youtu.be
872,Odey,Pering,operingo7@51.la
873,Timmie,Pim,tpimo8@newsvine.com
874,Amy,Matejka,amatejkao9@mapy.cz
875,Erastus,Fomichkin,efomichkinoa@npr.org
876,Devi,Minerdo,dminerdoob@ow.ly
877,Gris,Van den Velden,gvandenveldenoc@biblegateway.com
878,Austine,Sydenham,asydenhamod@economist.com
879,Joleen,Mustin,jmustinoe@skype.com
880,Rodina,Symcox,rsymcoxof@engadget.com
881,Mellicent,Brackstone,mbrackstoneog@about.me
882,Lorri,Peckham,lpeckhamoh@google.com.au
883,Valera,Pinching,vpinchingoi@is.gd
884,Titos,Wickstead,twicksteadoj@ucla.edu
885,Elmo,Harefoot,eharefootok@issuu.com
886,Terese,Thurlow,tthurlowol@imgur.com
887,Alicea,Polland,apollandom@arizona.edu
888,Marijn,Thurby,mthurbyon@weebly.com
889,Meara,Adnams,madnamsoo@deliciousdays.com
890,Beret,Orteu,borteuop@wordpress.org
891,Jesse,Sidaway,jsidawayoq@answers.com
892,Ari,Joisce,ajoisceor@51.la
893,Beniamino,Elton,beltonos@reuters.com
894,Rozele,Lacy,rlacyot@parallels.com
895,Cordie,Cashman,ccashmanou@imageshack.us
896,Sven,Blamires,sblamiresov@dmoz.org
897,Leora,Draysay,ldraysayow@mail.ru
898,Vinny,Klimkowski,vklimkowskiox@myspace.com
899,Aksel,Wylie,awylieoy@jalbum.net
900,Fern,Medlicott,fmedlicottoz@ifeng.com
901,Riordan,Millier,rmillierp0@ning.com
902,Esdras,Hatcliffe,ehatcliffep1@hp.com
903,Wesley,Weighell,wweighellp2@example.com
904,Devland,Aulsford,daulsfordp3@godaddy.com
905,Verina,Benedyktowicz,vbenedyktowiczp4@sourceforge.net
906,Selig,Hardan,shardanp5@mac.com
907,Ofilia,Delbergue,odelberguep6@amazon.com
908,Katalin,Adamski,kadamskip7@rambler.ru
909,Louie,Emig,lemigp8@google.nl
910,Edsel,Seakes,eseakesp9@free.fr
911,Carolan,Kubacki,ckubackipa@timesonline.co.uk
912,Roselin,Capelen,rcapelenpb@odnoklassniki.ru
913,Betti,Gapp,bgapppc@skyrock.com
914,Rorke,Bloomer,rbloomerpd@themeforest.net
915,Francisco,Shakelady,fshakeladype@blinklist.com
916,Yardley,Labbez,ylabbezpf@bloomberg.com
917,Lloyd,Waistell,lwaistellpg@time.com
918,Catharine,Geroldi,cgeroldiph@a8.net
919,Elton,Pomery,epomerypi@independent.co.uk
920,Rhodia,Whiffen,rwhiffenpj@bandcamp.com
921,Bird,Bryett,bbryettpk@flickr.com
922,Franky,O'Crevy,focrevypl@hugedomains.com
923,Cate,Stracey,cstraceypm@indiegogo.com
924,Hyman,Rate,hratepn@flavors.me
925,Liam,Alderson,laldersonpo@reuters.com
926,Carla,Brimm,cbrimmpp@vistaprint.com
927,April,Battisson,abattissonpq@networksolutions.com
928,Cos,Gravener,cgravenerpr@ow.ly
929,Marney,Blaxter,mblaxterps@nhs.uk
930,El,Cayley,ecayleypt@latimes.com
931,Llewellyn,Wallman,lwallmanpu@google.pl
932,Malcolm,Hyder,mhyderpv@chicagotribune.com
933,Cheslie,Behrens,cbehrenspw@reddit.com
934,Eamon,Bartle,ebartlepx@amazon.co.jp
935,Aldon,Jagielski,ajagielskipy@sciencedaily.com
936,Brennen,Merrin,bmerrinpz@cdc.gov
937,Gavan,Hannah,ghannahq0@go.com
938,Corabel,Cleveland,cclevelandq1@archive.org
939,Kirstin,Yeaman,kyeamanq2@apache.org
940,Gaylor,Went,gwentq3@people.com.cn
941,Staford,Girault,sgiraultq4@imdb.com
942,Shoshanna,Feavers,sfeaversq5@mlb.com
943,Dominic,Bartholomieu,dbartholomieuq6@comsenz.com
944,Carny,Muir,cmuirq7@oakley.com
945,Dahlia,Jenicke,djenickeq8@yelp.com
946,Aprilette,Weiss,aweissq9@biblegateway.com
947,Loren,Bjorkan,lbjorkanqa@usnews.com
948,Ingeborg,Alasdair,ialasdairqb@archive.org
949,Glendon,Redhead,gredheadqc@dion.ne.jp
950,Tiertza,Cosbey,tcosbeyqd@opensource.org
951,Gunner,Urey,gureyqe@ebay.co.uk
952,Hurley,Joannic,hjoannicqf@toplist.cz
953,Gray,Harback,gharbackqg@sphinn.com
954,Nellie,Mion,nmionqh@purevolume.com
955,Terry,Bolver,tbolverqi@vinaora.com
956,Parrnell,Endean,pendeanqj@unc.edu
957,Maryjo,Bjorkan,mbjorkanqk@rambler.ru
958,Sioux,Blowen,sblowenql@thetimes.co.uk
959,Sileas,Byforth,sbyforthqm@sourceforge.net
960,Alvira,Scrowson,ascrowsonqn@histats.com
961,Temp,Maas,tmaasqo@nationalgeographic.com
962,Benjamen,McReath,bmcreathqp@ucla.edu
963,Gerard,Marishenko,gmarishenkoqq@t-online.de
964,Gaylor,Reuble,greubleqr@joomla.org
965,Land,Durnin,ldurninqs@skyrock.com
966,Delmor,MacQuarrie,dmacquarrieqt@tripadvisor.com
967,Nora,Bredee,nbredeequ@oracle.com
968,Garwin,Woodyear,gwoodyearqv@naver.com
969,Filberto,Collyear,fcollyearqw@simplemachines.org
970,Eal,Bryning,ebryningqx@surveymonkey.com
971,Norton,Leason,nleasonqy@reverbnation.com
972,Kaleena,Clague,kclagueqz@twitpic.com
973,Harbert,Lamping,hlampingr0@trellian.com
974,Cordi,Timpany,ctimpanyr1@mlb.com
975,Neille,Hawkings,nhawkingsr2@gov.uk
976,Gretal,Moukes,gmoukesr3@ebay.com
977,Lana,Faust,lfaustr4@multiply.com
978,Frederique,Vann,fvannr5@wikimedia.org
979,Agathe,Gomez,agomezr6@salon.com
980,Trix,Gullifant,tgullifantr7@ucoz.com
981,Delia,Kitcatt,dkitcattr8@nationalgeographic.com
982,Ame,Bennison,abennisonr9@ed.gov
983,Dorthea,Heaps,dheapsra@odnoklassniki.ru
984,Birk,Kleinschmidt,bkleinschmidtrb@soup.io
985,Teena,Proback,tprobackrc@163.com
986,Court,Gherarducci,cgherarduccird@economist.com
987,Justino,MacGillavery,jmacgillaveryre@amazonaws.com
988,Amble,Nightingale,anightingalerf@smugmug.com
989,Oby,Melbury,omelburyrg@sourceforge.net
990,Ursola,Haime,uhaimerh@netvibes.com
991,Rebbecca,Locard,rlocardri@constantcontact.com
992,Billie,Goolden,bgooldenrj@flavors.me
993,Pryce,Lapidus,plapidusrk@slideshare.net
994,Loria,Bevir,lbevirrl@tiny.cc
995,Ethelbert,Briar,ebriarrm@cdbaby.com
996,Ketti,Chawkley,kchawkleyrn@google.co.uk
997,Greggory,Weiser,gweiserro@hud.gov
998,Halli,Helis,hhelisrp@tmall.com
999,Jojo,Josselsohn,jjosselsohnrq@patch.com
1000,Gates,Linn,glinnrr@seesaa.net
